This file was created by CMPT_ME_BEME_RETS using the 202105 CRSP database.,,,,
The 1-month TBill return is from Ibbotson and Associates, Inc.,,,
6/30/1926,,,,
Date,Mkt-RF,SMB,HML,RF
7/31/1926,2.96,-2.3,-2.87,0.22
8/31/1926,2.64,-1.4,4.19,0.25
9/30/1926,0.36,-1.32,0.01,0.23
10/31/1926,-3.24,0.04,0.51,0.32
11/30/1926,2.53,-0.2,-0.35,0.31
12/31/1926,2.62,-0.04,-0.02,0.28
1/31/1927,-0.06,-0.56,4.83,0.25
2/28/1927,4.18,-0.1,3.17,0.26
3/31/1927,0.13,-1.6,-2.67,0.3
4/30/1927,0.46,0.43,0.6,0.25
5/31/1927,5.44,1.41,4.93,0.3
6/30/1927,-2.34,0.47,-1.53,0.26
7/31/1927,7.26,-3.23,-1.16,0.3
8/31/1927,1.97,-0.72,-3.69,0.28
9/30/1927,4.76,-3.57,-0.71,0.21
10/31/1927,-4.31,2.13,-4.33,0.25
11/30/1927,6.58,2.76,-0.31,0.21
12/31/1927,2.09,0.93,-1.06,0.22
1/31/1928,-0.68,4.25,-0.72,0.25
2/29/1928,-1.7,-2.03,-0.69,0.33
3/31/1928,8.81,-0.26,-1.2,0.29
4/30/1928,4.23,3.82,3.67,0.22
5/31/1928,1.52,2.98,-3.46,0.32
6/30/1928,-4.85,-3.5,-0.06,0.31
7/31/1928,0.62,-1.35,-0.47,0.32
8/31/1928,6.68,-2.07,-2.11,0.32
9/30/1928,2.88,2.33,0.99,0.27
10/31/1928,1.33,2.27,-2.26,0.41
11/30/1928,11.81,-1.81,2.8,0.38
12/31/1928,0.36,-0.85,-0.6,0.06
1/31/1929,4.66,-3.54,-1.21,0.34
2/28/1929,-0.34,-0.39,1.68,0.36
3/31/1929,-0.89,-4.74,1.61,0.34
4/30/1929,1.43,-1,0.6,0.36
5/31/1929,-6.39,-5.35,-1.4,0.44
6/30/1929,9.7,-2.17,-2.76,0.52
7/31/1929,4.46,-3.88,2.66,0.33
8/31/1929,8.18,-9.52,0.06,0.4
9/30/1929,-5.47,1.17,-0.63,0.35
10/31/1929,-20.12,-4.08,7.85,0.46
11/30/1929,-12.74,-1.9,5.33,0.37
12/31/1929,1.33,-4.33,-0.59,0.37
1/31/1930,5.61,3.54,-1.01,0.14
2/28/1930,2.5,0.13,0.39,0.3
3/31/1930,7.1,3.43,0.15,0.35
4/30/1930,-2.06,-0.2,-0.84,0.21
5/31/1930,-1.66,-2.04,-0.63,0.26
6/30/1930,-16.27,-3.24,2,0.27
7/31/1930,4.12,-0.37,-1.56,0.2
8/31/1930,0.3,-2.22,-0.78,0.09
9/30/1930,-12.75,-2.22,-5.27,0.22
10/31/1930,-8.78,-0.1,-1.35,0.09
11/30/1930,-3.04,2.21,-3.53,0.13
12/31/1930,-7.83,-4.67,-5.4,0.14
1/31/1931,6.24,3.77,7.16,0.15
2/28/1931,10.88,3.38,1.61,0.04
3/31/1931,-6.43,3.07,-3.66,0.13
4/30/1931,-9.98,-4.62,-3.94,0.08
5/31/1931,-13.24,5.17,-6.58,0.09
6/30/1931,13.9,-5.38,11.31,0.08
7/31/1931,-6.62,1.43,-2.1,0.06
8/31/1931,0.41,-1.97,-1.49,0.03
9/30/1931,-29.13,0.56,-6.75,0.03
10/31/1931,8.04,-1.87,1.7,0.1
11/30/1931,-9.08,4.3,-5.05,0.17
12/31/1931,-13.53,-0.56,-8.86,0.12
1/31/1932,-1.58,3.94,9.04,0.23
2/29/1932,5.46,-2.77,-1.45,0.23
3/31/1932,-11.21,2.27,-2.32,0.16
4/30/1932,-17.96,1.44,1.42,0.11
5/31/1932,-20.51,3.91,-2.99,0.06
6/30/1932,-0.7,0.34,5.3,0.02
7/31/1932,33.84,-4.44,35.46,0.03
8/31/1932,37.06,14.29,33.03,0.03
9/30/1932,-2.94,-2.44,-6.82,0.03
10/31/1932,-13.17,-2.76,-10.05,0.02
11/30/1932,-5.88,2.08,-13.28,0.02
12/31/1932,4.4,-8.27,-8.17,0.01
1/31/1933,1.25,0.69,6.23,0.01
2/28/1933,-15.24,-2.75,-2.73,-0.03
3/31/1933,3.29,3.9,7.38,0.04
4/30/1933,38.85,4.56,17.43,0.1
5/31/1933,21.43,36.7,19.03,0.04
6/30/1933,13.11,8.56,-2.05,0.02
7/31/1933,-9.63,-1.01,3.27,0.02
8/31/1933,12.05,-5.45,2.96,0.03
9/30/1933,-10.65,-0.32,-11.77,0.02
10/31/1933,-8.36,-0.08,-8.46,0.01
11/30/1933,9.97,-6.48,2.33,0.02
12/31/1933,1.83,0.66,-1.53,0.02
1/31/1934,12.6,12.53,15.54,0.05
2/28/1934,-2.5,5.19,2.12,0.02
3/31/1934,0.09,2.51,-2.73,0.02
4/30/1934,-1.79,2.8,-3.75,0.01
5/31/1934,-7.25,-0.26,-5.91,0.01
6/30/1934,2.64,-2.14,-2.92,0.01
7/31/1934,-10.96,-6.92,-10.64,0.01
8/31/1934,5.58,5.39,0.45,0.01
9/30/1934,-0.23,-1.5,-1.22,0.01
10/31/1934,-1.66,1.25,-5.11,0.01
11/30/1934,8.33,6.5,-2.24,0.01
12/31/1934,0.36,3.06,-3.2,0.01
1/31/1935,-3.45,1.1,-1.86,0.01
2/28/1935,-1.94,0.41,-7.27,0.02
3/31/1935,-3.68,-3.57,-5.1,0.01
4/30/1935,9.06,-1.51,4.35,0.01
5/31/1935,3.47,-3.38,2.56,0.01
6/30/1935,5.93,-2.51,-1.65,0.01
7/31/1935,7.51,1.47,6.86,0.01
8/31/1935,2.65,6.28,5.7,0.01
9/30/1935,2.63,1.57,-4.05,0.01
10/31/1935,7.03,2.64,-2.33,0.01
11/30/1935,4.88,4.28,11.91,0.02
12/31/1935,4.56,0.23,1.07,0.01
1/31/1936,6.89,5.14,10.51,0.01
2/29/1936,2.49,1.14,5.04,0.01
3/31/1936,0.99,0.65,-1.66,0.02
4/30/1936,-8.14,-6.04,-2.08,0.02
5/31/1936,5.19,0.83,2.63,0.02
6/30/1936,2.4,-3.26,-1.2,0.03
7/31/1936,6.67,1.14,2.56,0.01
8/31/1936,0.99,0.72,3.99,0.02
9/30/1936,0.98,3.07,0.88,0.01
10/31/1936,7.12,-2.39,2.52,0.02
11/30/1936,3.27,9.01,-0.92,0.01
12/31/1936,0.21,3.61,3.96,0
1/31/1937,3.35,4.31,2.61,0.01
2/28/1937,1.09,1.23,5.05,0.02
3/31/1937,-0.27,-1.78,6.39,0.01
4/30/1937,-7.36,-3.77,-3.61,0.03
5/31/1937,-0.83,-0.66,-3.49,0.06
6/30/1937,-4.21,-3.65,-3.21,0.03
7/31/1937,8.91,0.85,0.82,0.03
8/31/1937,-4.86,0.42,-2.25,0.02
9/30/1937,-13.61,-6.89,-4.57,0.04
10/31/1937,-9.61,0.45,-1.62,0.02
11/30/1937,-8.31,-3.65,0.2,0.02
12/31/1937,-4.24,-7.76,-0.39,0
1/31/1938,0.49,4.97,-1.6,0
2/28/1938,5.84,0.35,-2.02,0
3/31/1938,-23.82,-4.24,-3.52,-0.01
4/30/1938,14.51,6.37,0.18,0.01
5/31/1938,-3.83,-2.47,-0.28,0
6/30/1938,23.87,4.05,0.3,0
7/31/1938,7.34,6.66,2.18,-0.01
8/31/1938,-2.67,-2.44,-4.72,0
9/30/1938,0.81,-2.72,-1.62,0.02
10/31/1938,7.8,5.83,5.01,0.01
11/30/1938,-1.72,-2.56,-1.23,-0.06
12/31/1938,4.19,-1.8,0.5,0
1/31/1939,-5.96,-1.56,-3.92,-0.01
2/28/1939,3.51,0.63,2.95,0.01
3/31/1939,-11.99,-4.76,-8.29,-0.01
4/30/1939,-0.18,1.66,-0.3,0
5/31/1939,6.8,2.81,0.47,0.01
6/30/1939,-5.31,-1.02,-5.41,0.01
7/31/1939,10.24,4.32,-0.03,0
8/31/1939,-6.68,-4.61,-2.42,-0.01
9/30/1939,16.88,20.23,22.22,0.01
10/31/1939,-0.53,-0.01,-4.89,0
11/30/1939,-3.62,-5.07,-6.46,0
12/31/1939,3.03,0.79,-4.06,0
1/31/1940,-2.41,0.24,-0.77,0
2/29/1940,1.44,2.51,-0.32,0
3/31/1940,2.05,1.25,-1.27,0
4/30/1940,0.22,3.92,-0.13,0
5/31/1940,-21.95,-6.66,-3.69,-0.02
6/30/1940,6.67,-2.13,4.63,0
7/31/1940,3.16,1.01,-0.74,0.01
8/31/1940,2.19,-0.11,0.56,-0.01
9/30/1940,2.39,3.22,-1.13,0
10/31/1940,3.02,0.28,4.64,0
11/30/1940,-1.61,1.94,0.12,0
12/31/1940,0.69,-2.15,-0.89,0
1/31/1941,-4.17,1,3.83,-0.01
2/28/1941,-1.43,-1.57,0.89,-0.01
3/31/1941,0.84,0.1,3.04,0.01
4/30/1941,-5.46,-1.69,3.41,-0.01
5/31/1941,1.39,-0.66,0.6,0
6/30/1941,5.83,1.32,0.59,0
7/31/1941,5.87,5.7,7.25,0.03
8/31/1941,-0.17,-0.41,-1.1,0.01
9/30/1941,-0.87,-0.99,-0.28,0.01
10/31/1941,-5.25,-2.02,1.63,0
11/30/1941,-1.92,-1.21,-0.64,0
12/31/1941,-4.87,-2.98,-5.94,0.01
1/31/1942,0.79,7.52,10.1,0.02
2/28/1942,-2.46,1.72,-1.13,0.01
3/31/1942,-6.58,1.78,-0.62,0.01
4/30/1942,-4.37,-0.6,2.09,0.01
5/31/1942,5.94,-3.05,-2.65,0.03
6/30/1942,2.69,-1.22,0.54,0.02
7/31/1942,3.51,-0.16,2.4,0.03
8/31/1942,1.8,-0.09,1.33,0.03
9/30/1942,2.61,0.66,2.39,0.03
10/31/1942,6.82,1.82,6.47,0.03
11/30/1942,0.15,-1.54,-4.24,0.03
12/31/1942,5.12,-2.49,0.56,0.03
1/31/1943,7.13,8.78,8.23,0.03
2/28/1943,6.15,4.84,6.51,0.03
3/31/1943,6.01,5.03,5.48,0.03
4/30/1943,0.81,2.06,5.86,0.03
5/31/1943,5.74,4.41,3.28,0.03
6/30/1943,1.82,-1.06,-0.74,0.03
7/31/1943,-4.77,-2.41,-2.27,0.03
8/31/1943,1.3,-0.62,-0.47,0.03
9/30/1943,2.4,1.28,1.43,0.03
10/31/1943,-1.15,0.58,1.65,0.03
11/30/1943,-5.91,-1.64,-4.04,0.03
12/31/1943,6.36,3.34,3.22,0.03
1/31/1944,1.74,2.56,2.17,0.03
2/29/1944,0.37,-0.1,0.83,0.03
3/31/1944,2.46,1.71,3.43,0.02
4/30/1944,-1.69,-1.35,-1.13,0.03
5/31/1944,5.07,1.67,1.02,0.03
6/30/1944,5.49,4.04,1.82,0.03
7/31/1944,-1.49,0.55,-0.43,0.03
8/31/1944,1.57,2.41,-1.63,0.03
9/30/1944,0.01,0.47,-1.21,0.02
10/31/1944,0.16,-0.14,-0.34,0.03
11/30/1944,1.71,0.37,2.31,0.03
12/31/1944,4.03,2.24,5.91,0.02
1/31/1945,2.01,2.44,0.71,0.03
2/28/1945,6.23,1.56,4.4,0.02
3/31/1945,-3.89,-1.61,-1.78,0.02
4/30/1945,7.8,0.32,3.21,0.03
5/31/1945,1.73,1.51,0.35,0.03
6/30/1945,0.39,3.1,4.32,0.02
7/31/1945,-2.17,-1.46,-2.71,0.03
8/31/1945,6.2,1.61,-4.4,0.03
9/30/1945,4.77,1.71,0.48,0.03
10/31/1945,3.89,2.46,2.25,0.03
11/30/1945,5.39,4.16,4.34,0.02
12/31/1945,1.2,2.12,-2.32,0.03
1/31/1946,6.24,4.02,2.21,0.03
2/28/1946,-5.83,-0.73,-1.27,0.03
3/31/1946,5.87,0.31,-0.36,0.03
4/30/1946,4.23,2.37,0.45,0.03
5/31/1946,3.93,1.46,1.09,0.03
6/30/1946,-3.89,-1.53,-0.59,0.03
7/31/1946,-2.69,-2.06,0.04,0.03
8/31/1946,-6.44,-1.78,0.6,0.03
9/30/1946,-10.17,-4.41,-1.96,0.03
10/31/1946,-1.44,0.09,3.44,0.03
11/30/1946,-0.01,-0.4,1.52,0.03
12/31/1946,4.96,0.06,-1.38,0.03
1/31/1947,1.25,2.18,-0.73,0.03
2/28/1947,-1.08,0.68,0.14,0.03
3/31/1947,-1.67,-1.61,0.61,0.03
4/30/1947,-4.8,-3.97,0.85,0.03
5/31/1947,-0.97,-3.26,0.34,0.03
6/30/1947,5.29,-0.31,-0.6,0.03
7/31/1947,4.14,1.43,2.82,0.03
8/31/1947,-1.74,0.3,0.16,0.03
9/30/1947,-0.54,1.64,1.36,0.06
10/31/1947,2.47,0.51,0.08,0.06
11/30/1947,-1.97,-1.74,1.06,0.06
12/31/1947,3,-2.48,3.69,0.08
1/31/1948,-3.93,2.49,1.38,0.07
2/29/1948,-4.38,-1.71,0.07,0.07
3/31/1948,8.07,0.13,4.49,0.09
4/30/1948,3.65,-1.66,4.1,0.08
5/31/1948,7.3,0.93,-1.23,0.08
6/30/1948,-0.1,-1.86,2.75,0.09
7/31/1948,-5.09,-0.32,0.07,0.08
8/31/1948,0.25,-1.1,0.27,0.09
9/30/1948,-2.97,-1.23,-1.79,0.04
10/31/1948,5.96,-1.5,0.56,0.04
11/30/1948,-9.3,-0.62,-4.14,0.04
12/31/1948,3.26,-2.8,-1.94,0.04
1/31/1949,0.23,1.81,1.17,0.1
2/28/1949,-2.93,-1.89,-0.91,0.09
3/31/1949,4.04,2.48,1.34,0.1
4/30/1949,-1.87,-0.89,-1.18,0.09
5/31/1949,-2.94,-0.77,-2.42,0.1
6/30/1949,0.1,-0.88,-1.76,0.1
7/31/1949,5.54,0.57,0.38,0.09
8/31/1949,2.6,0.13,-0.57,0.09
9/30/1949,3.09,1.05,0.23,0.09
10/31/1949,3.14,1.03,-0.49,0.09
11/30/1949,1.82,-0.93,-0.91,0.08
12/31/1949,5.13,2.07,1.75,0.09
1/31/1950,1.7,3.36,0.14,0.09
2/28/1950,1.48,0.04,-0.81,0.09
3/31/1950,1.26,-1.41,-2.77,0.1
4/30/1950,3.94,1.99,1.34,0.09
5/31/1950,4.31,-2.12,0.46,0.1
6/30/1950,-5.94,-2.38,-0.78,0.1
7/31/1950,1.36,0.51,13.66,0.1
8/31/1950,4.85,0.73,-1.41,0.1
9/30/1950,4.81,0.57,-1.11,0.1
10/31/1950,-0.18,-0.58,1.44,0.12
11/30/1950,2.76,-0.84,3.17,0.11
12/31/1950,5.54,1.49,7.23,0.11
1/31/1951,5.7,1.73,3.72,0.13
2/28/1951,1.41,0.09,-2.83,0.1
3/31/1951,-2.15,-0.64,-4.22,0.11
4/30/1951,4.86,-1.49,3.28,0.13
5/31/1951,-2.34,-0.01,-1.33,0.12
6/30/1951,-2.62,-1.95,-3.96,0.12
7/31/1951,6.94,-1.99,2.01,0.13
8/31/1951,4.27,0.99,-0.16,0.13
9/30/1951,0.7,1.9,0.59,0.12
10/31/1951,-2.53,-0.23,0.25,0.16
11/30/1951,0.57,-0.29,-0.06,0.11
12/31/1951,3.33,-2.25,-1.55,0.12
1/31/1952,1.45,-0.61,1.54,0.15
2/29/1952,-2.62,0.79,-0.6,0.12
3/31/1952,4.44,-2.99,2.16,0.11
4/30/1952,-4.97,0.48,-0.1,0.12
5/31/1952,3.2,-1.01,0.07,0.13
6/30/1952,3.83,-1.61,1.23,0.15
7/31/1952,0.91,-0.4,-0.33,0.15
8/31/1952,-0.76,1.15,0.07,0.15
9/30/1952,-2.03,1.12,-1.44,0.16
10/31/1952,-0.66,-1.02,-0.54,0.14
11/30/1952,5.94,-0.72,0.99,0.1
12/31/1952,2.93,-1.48,0.2,0.16
1/31/1953,-0.34,3.55,1.34,0.16
2/28/1953,-0.27,2.16,-0.09,0.14
3/31/1953,-1.43,-0.18,-0.84,0.18
4/30/1953,-2.83,0.27,1.54,0.16
5/31/1953,0.52,-0.07,0.24,0.17
6/30/1953,-1.89,-1.85,-0.51,0.18
7/31/1953,2.4,-1.05,-0.23,0.15
8/31/1953,-4.52,0.36,-3.54,0.17
9/30/1953,0.2,-0.85,-2.42,0.16
10/31/1953,4.6,-1.37,-0.2,0.13
11/30/1953,2.83,-1.3,-0.16,0.08
12/31/1953,0.03,-0.85,-2.82,0.13
1/31/1954,5.13,0.47,3.49,0.11
2/28/1954,1.67,-0.17,-0.29,0.07
3/31/1954,3.65,-0.49,-1.45,0.08
4/30/1954,4.27,-3.48,-0.37,0.09
5/31/1954,3.09,0.39,2.46,0.05
6/30/1954,1.07,0.4,-0.01,0.06
7/31/1954,4.99,1.05,4.16,0.05
8/31/1954,-2.34,2.68,-1.39,0.05
9/30/1954,6.39,-2.55,0.69,0.09
10/31/1954,-1.67,0.6,0.68,0.07
11/30/1954,9.38,-2.64,4.39,0.06
12/31/1954,5.48,2.17,5.65,0.08
1/31/1955,0.6,0.27,2.14,0.08
2/28/1955,3.02,1.56,0.59,0.09
3/31/1955,-0.16,-0.67,1.97,0.1
4/30/1955,3.11,-1.72,0.68,0.1
5/31/1955,0.93,-0.24,-0.96,0.14
6/30/1955,6.55,-4.61,1.84,0.1
7/31/1955,1.9,-1.16,0.34,0.1
8/31/1955,0.21,-0.44,0.72,0.16
9/30/1955,-0.36,0.28,-0.99,0.16
10/31/1955,-2.68,1.51,-0.16,0.18
11/30/1955,7.03,-2.2,0.32,0.17
12/31/1955,1.49,2.12,-2.29,0.18
1/31/1956,-3.03,0.4,0.94,0.22
2/29/1956,3.77,-0.98,-0.43,0.19
3/31/1956,6.64,-2.14,-0.5,0.15
4/30/1956,0.28,0.04,-0.25,0.19
5/31/1956,-5.2,1.46,-1.31,0.23
6/30/1956,3.48,-1.48,-1.13,0.2
7/31/1956,4.84,-1.67,-0.05,0.22
8/31/1956,-3.18,1.9,-0.72,0.17
9/30/1956,-5.14,1.57,1.77,0.18
10/31/1956,0.52,-0.09,-0.06,0.25
11/30/1956,0.36,-0.22,1.77,0.2
12/31/1956,3.16,-0.02,-2.16,0.24
1/31/1957,-3.58,3.37,2.82,0.27
2/28/1957,-2.06,-0.72,-0.72,0.24
3/31/1957,2.13,0.27,-0.46,0.23
4/30/1957,4.26,-1.61,-1.47,0.25
5/31/1957,3.45,-1.05,-2.1,0.26
6/30/1957,-0.74,0.55,0.03,0.24
7/31/1957,0.66,-0.77,0.42,0.3
8/31/1957,-5.11,0.05,-0.42,0.25
9/30/1957,-5.98,0.06,0.91,0.26
10/31/1957,-4.32,-2.53,-1.83,0.29
11/30/1957,2.3,0.37,-2.89,0.28
12/31/1957,-3.91,-0.98,-1.61,0.24
1/31/1958,4.66,4.38,4.19,0.28
2/28/1958,-1.52,0.68,0.37,0.12
3/31/1958,3.27,0.65,-0.96,0.09
4/30/1958,3.09,-0.65,1.64,0.08
5/31/1958,2.31,2.19,-0.25,0.11
6/30/1958,2.93,-0.19,0.4,0.03
7/31/1958,4.39,0.52,3.04,0.07
8/31/1958,1.91,1.17,0.36,0.04
9/30/1958,4.66,0.13,2.85,0.19
10/31/1958,2.53,1.11,-1.18,0.18
11/30/1958,3.01,2,-1.19,0.11
12/31/1958,5.15,-2.04,-0.01,0.22
1/31/1959,0.71,3.01,2.96,0.21
2/28/1959,0.95,1.51,1.1,0.19
3/31/1959,0.28,1.5,-0.38,0.22
4/30/1959,3.66,-0.55,-1.33,0.2
5/31/1959,1.73,-2.1,1.7,0.22
6/30/1959,-0.25,0.65,1.35,0.25
7/31/1959,3.17,-0.3,0.23,0.25
8/31/1959,-1.39,-0.76,0.45,0.19
9/30/1959,-4.8,-0.09,0.55,0.31
10/31/1959,1.28,1.45,-2.1,0.3
11/30/1959,1.6,1.24,-3.22,0.26
12/31/1959,2.45,-0.58,-0.07,0.34
1/31/1960,-6.98,2.08,2.79,0.33
2/29/1960,1.17,0.51,-1.93,0.29
3/31/1960,-1.63,-0.49,-2.94,0.35
4/30/1960,-1.71,0.32,-2.29,0.19
5/31/1960,3.12,1.22,-3.7,0.27
6/30/1960,2.08,-0.22,-0.34,0.24
7/31/1960,-2.37,-0.52,2.03,0.13
8/31/1960,3.01,0.87,-0.18,0.17
9/30/1960,-5.99,-1.11,1.65,0.16
10/31/1960,-0.71,-4.07,2.86,0.22
11/30/1960,4.69,0.37,-2.37,0.13
12/31/1960,4.71,-1.57,-0.76,0.16
1/31/1961,6.2,0.66,3.66,0.19
2/28/1961,3.57,3.92,-0.64,0.14
3/31/1961,2.89,3.28,-0.7,0.2
4/30/1961,0.29,0.05,2.15,0.17
5/31/1961,2.4,2.02,0.37,0.18
6/30/1961,-3.08,-2.49,-0.11,0.2
7/31/1961,2.83,-1.88,-0.09,0.18
8/31/1961,2.57,-1.75,-0.28,0.14
9/30/1961,-2.15,-1.06,-0.61,0.17
10/31/1961,2.57,-1.63,0.15,0.19
11/30/1961,4.45,1.26,-1.23,0.15
12/31/1961,-0.18,-0.82,1.79,0.19
1/31/1962,-3.87,1.77,5.13,0.24
2/28/1962,1.81,-1.15,0.82,0.2
3/31/1962,-0.68,0.53,-1.38,0.2
4/30/1962,-6.59,-0.71,0.03,0.22
5/31/1962,-8.65,-3.34,2.77,0.24
6/30/1962,-8.47,-0.58,2.55,0.2
7/31/1962,6.28,1.51,-3.4,0.27
8/31/1962,2.13,1.22,-1.17,0.23
9/30/1962,-5.22,-2.45,1.26,0.21
10/31/1962,-0.05,-3.97,1.3,0.25
11/30/1962,10.87,2.63,0.96,0.2
12/31/1962,1.01,-3.81,0.35,0.23
1/31/1963,4.93,3.07,2.22,0.25
2/28/1963,-2.38,0.5,2.17,0.23
3/31/1963,3.08,-2.6,2.07,0.23
4/30/1963,4.51,-1.31,0.99,0.25
5/31/1963,1.76,1.12,2.53,0.24
6/30/1963,-2,-0.29,0.75,0.23
7/31/1963,-0.39,-0.49,-0.94,0.27
8/31/1963,5.07,-1.02,1.82,0.25
9/30/1963,-1.57,-0.31,0.17,0.27
10/31/1963,2.53,-0.57,-0.04,0.29
11/30/1963,-0.85,-1.15,1.7,0.27
12/31/1963,1.83,-2.01,-0.06,0.29
1/31/1964,2.24,-0.18,1.53,0.3
2/29/1964,1.54,0.08,2.86,0.26
3/31/1964,1.41,0.94,3.37,0.31
4/30/1964,0.1,-1.32,-0.66,0.29
5/31/1964,1.42,-0.94,1.99,0.26
6/30/1964,1.27,-0.27,0.72,0.3
7/31/1964,1.74,0.26,0.73,0.3
8/31/1964,-1.44,0.11,0.07,0.28
9/30/1964,2.69,-0.53,1.72,0.28
10/31/1964,0.59,0.42,1.15,0.29
11/30/1964,0,0.6,-1.95,0.29
12/31/1964,0.03,-0.26,-2.52,0.31
1/31/1965,3.54,2.72,0.16,0.28
2/28/1965,0.44,3.5,0.16,0.3
3/31/1965,-1.34,1.81,1.05,0.36
4/30/1965,3.11,1.2,0.68,0.31
5/31/1965,-0.77,0.06,-1.63,0.31
6/30/1965,-5.51,-4.36,0.56,0.35
7/31/1965,1.43,0.87,2.18,0.31
8/31/1965,2.73,2.81,-0.96,0.33
9/30/1965,2.86,0.62,-0.09,0.31
10/31/1965,2.6,2.47,1.54,0.31
11/30/1965,-0.03,4.68,0.21,0.35
12/31/1965,1.01,2.08,1.96,0.33
1/31/1966,0.72,3.88,3.51,0.38
2/28/1966,-1.21,4.54,0.27,0.35
3/31/1966,-2.51,0.94,-2.07,0.38
4/30/1966,2.14,3.45,-0.54,0.34
5/31/1966,-5.66,-4.68,-1.57,0.41
6/30/1966,-1.44,1.02,0.5,0.38
7/31/1966,-1.63,-0.46,0.99,0.35
8/31/1966,-7.91,-3.22,0.44,0.41
9/30/1966,-1.06,-1.06,0.49,0.4
10/31/1966,3.86,-6.62,2.86,0.45
11/30/1966,1.4,4.23,-4.53,0.4
12/31/1966,0.13,1.95,-1.28,0.4
1/31/1967,8.15,8.25,2.45,0.43
2/28/1967,0.78,3.31,-2.15,0.36
3/31/1967,3.99,1.54,0.46,0.39
4/30/1967,3.89,0.63,-2.52,0.32
5/31/1967,-4.33,1.95,0.99,0.33
6/30/1967,2.41,5.95,0.95,0.27
7/31/1967,4.58,3.02,2.8,0.31
8/31/1967,-0.89,0.47,1.39,0.31
9/30/1967,3.11,3.11,-2.48,0.32
10/31/1967,-3.09,1.42,-3.38,0.39
11/30/1967,0.37,0.21,-1.7,0.36
12/31/1967,3.05,5.74,-0.45,0.33
1/31/1968,-4.06,3.88,4.79,0.4
2/29/1968,-3.75,-2.96,1.18,0.39
3/31/1968,0.2,-1.28,-0.62,0.38
4/30/1968,9.05,5.77,-1.14,0.43
5/31/1968,2.28,6.42,0.86,0.45
6/30/1968,0.69,-0.18,0.68,0.43
7/31/1968,-2.72,-1.3,5.41,0.48
8/31/1968,1.34,2.35,1.01,0.42
9/30/1968,4.03,2.76,0.33,0.43
10/31/1968,0.42,-0.48,2.85,0.44
11/30/1968,5.43,2.35,-0.9,0.42
12/31/1968,-3.94,3.43,0,0.43
1/31/1969,-1.25,-0.77,1.66,0.53
2/28/1969,-5.84,-3.9,0.86,0.46
3/31/1969,2.64,-0.26,-0.52,0.46
4/30/1969,1.46,-0.87,-0.03,0.53
5/31/1969,-0.1,-0.26,0.71,0.48
6/30/1969,-7.18,-5.39,-1.1,0.51
7/31/1969,-7,-3.2,1.22,0.53
8/31/1969,4.68,0.93,-3.83,0.5
9/30/1969,-2.98,1.18,-3.27,0.62
10/31/1969,5.06,3.84,-3.04,0.6
11/30/1969,-3.79,-2.54,-1.15,0.52
12/31/1969,-2.63,-3.65,-3,0.64
1/31/1970,-8.1,2.91,3.15,0.6
2/28/1970,5.13,-2.41,4.02,0.62
3/31/1970,-1.06,-2.32,4.09,0.57
4/30/1970,-11,-6.09,6.21,0.5
5/31/1970,-6.92,-4.54,3.43,0.53
6/30/1970,-5.79,-2.14,0.6,0.58
7/31/1970,6.93,-0.55,1.01,0.52
8/31/1970,4.49,1.53,1.02,0.53
9/30/1970,4.18,8.56,-5.63,0.54
10/31/1970,-2.28,-4.28,0.25,0.46
11/30/1970,4.6,-4.07,1.67,0.46
12/31/1970,5.72,3,0.86,0.42
1/31/1971,4.84,7.37,1.33,0.38
2/28/1971,1.41,1.86,-1.22,0.33
3/31/1971,4.13,2.5,-4.06,0.3
4/30/1971,3.15,-0.5,0.71,0.28
5/31/1971,-3.98,-1.11,-1.48,0.29
6/30/1971,-0.1,-1.43,-1.82,0.37
7/31/1971,-4.5,-1.5,0.17,0.4
8/31/1971,3.79,-0.18,2.56,0.47
9/30/1971,-0.85,0.43,-2.89,0.37
10/31/1971,-4.42,-1.8,-0.37,0.37
11/30/1971,-0.46,-2.8,-1.73,0.37
12/31/1971,8.71,3.29,-0.41,0.37
1/31/1972,2.49,6.07,1.93,0.29
2/29/1972,2.87,1.4,-2.8,0.25
3/31/1972,0.63,-0.3,-1.68,0.27
4/30/1972,0.29,0.01,0.24,0.29
5/31/1972,1.25,-2.74,-2.73,0.3
6/30/1972,-2.43,0.34,-2.6,0.29
7/31/1972,-0.8,-2.86,0.71,0.31
8/31/1972,3.26,-4.07,4.64,0.29
9/30/1972,-1.14,-2.67,0.51,0.34
10/31/1972,0.52,-2.72,1.3,0.4
11/30/1972,4.6,-1.12,4.82,0.37
12/31/1972,0.62,-1.87,-2.24,0.37
1/31/1973,-3.29,-3.47,2.67,0.44
2/28/1973,-4.85,-3.99,1.71,0.41
3/31/1973,-1.3,-2.81,2.73,0.46
4/30/1973,-5.68,-3.96,5.62,0.52
5/31/1973,-2.94,-6.13,0.25,0.51
6/30/1973,-1.56,-2.93,1.37,0.51
7/31/1973,5.05,7.97,-5.32,0.64
8/31/1973,-3.82,-2.12,1.32,0.7
9/30/1973,4.75,3.07,2.01,0.68
10/31/1973,-0.83,-0.4,2.03,0.65
11/30/1973,-12.75,-7.65,3.91,0.56
12/31/1973,0.61,-5.25,3.9,0.64
1/31/1974,-0.17,9.66,5.99,0.63
2/28/1974,-0.47,-0.13,2.86,0.58
3/31/1974,-2.81,2.59,-0.28,0.56
4/30/1974,-5.29,-0.71,0.95,0.75
5/31/1974,-4.68,-3.03,-2.08,0.75
6/30/1974,-2.83,-0.16,0.78,0.6
7/31/1974,-8.05,0.92,5.14,0.7
8/31/1974,-9.35,-0.68,2.5,0.6
9/30/1974,-11.77,0.27,5.49,0.81
10/31/1974,16.1,-3.51,-9.99,0.51
11/30/1974,-4.51,-1.17,-0.16,0.54
12/31/1974,-3.45,-4.84,0,0.7
1/31/1975,13.66,11.01,8.44,0.58
2/28/1975,5.56,0.16,-4.56,0.43
3/31/1975,2.66,3.75,2.49,0.41
4/30/1975,4.23,-0.54,-1.11,0.44
5/31/1975,5.19,3.83,-4.02,0.44
6/30/1975,4.83,0.76,1.32,0.41
7/31/1975,-6.59,2.69,1.7,0.48
8/31/1975,-2.85,-3.2,-0.95,0.48
9/30/1975,-4.26,-0.12,0.34,0.53
10/31/1975,5.31,-4.04,0.34,0.56
11/30/1975,2.64,-1.19,1.96,0.41
12/31/1975,-1.6,-0.75,1.74,0.48
1/31/1976,12.16,4.82,8.65,0.47
2/29/1976,0.32,7.03,5.85,0.34
3/31/1976,2.32,-1.15,-0.08,0.4
4/30/1976,-1.49,-0.03,-0.14,0.42
5/31/1976,-1.34,-1.25,-1.3,0.37
6/30/1976,4.05,-1.35,0.65,0.43
7/31/1976,-1.07,0.29,1.69,0.47
8/31/1976,-0.56,-2.02,0.81,0.42
9/30/1976,2.07,0,-0.24,0.44
10/31/1976,-2.42,0.25,-0.15,0.41
11/30/1976,0.36,2.32,1.51,0.4
12/31/1976,5.65,3,2.2,0.4
1/31/1977,-4.05,4.77,4.25,0.36
2/28/1977,-1.94,1.08,0.52,0.35
3/31/1977,-1.37,1,1.06,0.38
4/30/1977,0.15,-0.11,3.44,0.38
5/31/1977,-1.45,1.17,0.84,0.37
6/30/1977,4.71,2.14,-0.68,0.4
7/31/1977,-1.69,2.11,-0.6,0.42
8/31/1977,-1.75,1.52,-2.76,0.44
9/30/1977,-0.27,1.45,-0.51,0.43
10/31/1977,-4.38,1.26,1.73,0.49
11/30/1977,4,3.72,0.29,0.5
12/31/1977,0.27,1.35,-0.38,0.49
1/31/1978,-6.01,2.21,3.31,0.49
2/28/1978,-1.38,3.59,0.71,0.46
3/31/1978,2.85,3.48,1.23,0.53
4/30/1978,7.88,0.41,-3.56,0.54
5/31/1978,1.76,4.56,-0.59,0.51
6/30/1978,-1.69,1.69,0.55,0.54
7/31/1978,5.11,0.26,-1.08,0.56
8/31/1978,3.75,5.06,-0.57,0.56
9/30/1978,-1.43,-0.4,1.87,0.62
10/31/1978,-11.91,-9.88,1.4,0.68
11/30/1978,2.71,3.01,-2.19,0.7
12/31/1978,0.88,1.25,-2.17,0.78
1/31/1979,4.23,3.66,2.29,0.77
2/28/1979,-3.56,0.45,1.16,0.73
3/31/1979,5.68,3.19,-0.69,0.81
4/30/1979,-0.06,2.18,1,0.8
5/31/1979,-2.21,0.16,1.3,0.82
6/30/1979,3.85,1.17,1.45,0.81
7/31/1979,0.82,1.26,1.75,0.77
8/31/1979,5.53,2.09,-1.52,0.77
9/30/1979,-0.82,-0.25,-0.87,0.83
10/31/1979,-8.1,-3.35,-1.81,0.87
11/30/1979,5.21,2.76,-3.38,0.99
12/31/1979,1.79,4.19,-2.04,0.95
1/31/1980,5.51,1.65,1.72,0.8
2/29/1980,-1.22,-1.83,0.66,0.89
3/31/1980,-12.9,-6.65,-1.02,1.21
4/30/1980,3.97,0.96,1.01,1.26
5/31/1980,5.26,2.16,0.38,0.81
6/30/1980,3.06,1.66,-0.85,0.61
7/31/1980,6.49,4.25,-6.29,0.53
8/31/1980,1.8,3.91,-2.64,0.64
9/30/1980,2.19,0.87,-4.77,0.75
10/31/1980,1.06,2.48,-2.77,0.95
11/30/1980,9.59,-3.46,-8.36,0.96
12/31/1980,-4.52,-0.27,2.73,1.31
1/31/1981,-5.04,3.01,6.83,1.04
2/28/1981,0.57,-0.32,1,1.07
3/31/1981,3.56,3.58,0.69,1.21
4/30/1981,-2.11,4.42,2.29,1.08
5/31/1981,0.11,2,-0.47,1.15
6/30/1981,-2.36,-0.83,5.1,1.35
7/31/1981,-1.54,-2.18,-0.68,1.24
8/31/1981,-7.04,-1.96,4.84,1.28
9/30/1981,-7.17,-2.66,5.2,1.24
10/31/1981,4.92,2.14,-4.22,1.21
11/30/1981,3.36,-0.97,1.89,1.07
12/31/1981,-3.65,1.17,0.75,0.87
1/31/1982,-3.24,-1.29,3.19,0.8
2/28/1982,-5.86,0.48,6.1,0.92
3/31/1982,-1.87,-0.2,3.79,0.98
4/30/1982,3.27,1.51,-2.77,1.13
5/31/1982,-3.99,0.47,1.8,1.06
6/30/1982,-3.09,-0.4,1.54,0.96
7/31/1982,-3.19,0.82,0.12,1.05
8/31/1982,11.14,-4.09,1,0.76
9/30/1982,1.29,2.89,0.33,0.51
10/31/1982,11.3,2.35,-3.73,0.59
11/30/1982,4.67,4.77,-1.89,0.63
12/31/1982,0.55,-0.19,-0.03,0.67
1/31/1983,3.6,2.7,-0.81,0.69
2/28/1983,2.59,3.24,0.7,0.62
3/31/1983,2.82,1.76,2.05,0.63
4/30/1983,6.67,0.52,0.56,0.71
5/31/1983,0.52,6.15,-1.42,0.69
6/30/1983,3.07,0.89,-3.93,0.67
7/31/1983,-4.07,1.46,5.61,0.74
8/31/1983,-0.5,-4.3,5.56,0.76
9/30/1983,0.91,0.56,1.08,0.76
10/31/1983,-3.44,-3.6,5.07,0.76
11/30/1983,2.16,2.03,-0.64,0.7
12/31/1983,-1.78,-0.29,1.68,0.73
1/31/1984,-1.92,-0.43,7.62,0.76
2/29/1984,-4.82,-1.71,3.36,0.71
3/31/1984,0.63,0.08,0.51,0.73
4/30/1984,-0.51,-1.21,1.27,0.81
5/31/1984,-5.97,0.03,0.26,0.78
6/30/1984,1.82,-0.32,-2.62,0.75
7/31/1984,-2.74,-2.22,0.48,0.82
8/31/1984,10.28,-0.27,-1.82,0.83
9/30/1984,-0.8,0.2,5.32,0.86
10/31/1984,-0.84,-1.2,0.51,1
11/30/1984,-1.76,-0.63,4.08,0.73
12/31/1984,1.84,-0.6,-0.2,0.64
1/31/1985,7.99,3.29,-5.41,0.65
2/28/1985,1.22,0.76,-0.13,0.58
3/31/1985,-0.84,-1.15,4.1,0.62
4/30/1985,-0.96,0.14,3.72,0.72
5/31/1985,5.09,-2.25,-0.92,0.66
6/30/1985,1.27,0.5,0.5,0.55
7/31/1985,-0.74,2.84,-1.68,0.62
8/31/1985,-1.02,-0.33,2.32,0.55
9/30/1985,-4.54,-1.59,1.31,0.6
10/31/1985,4.02,-1.57,0.78,0.65
11/30/1985,6.48,0.22,-2.88,0.61
12/31/1985,3.88,-0.49,-1.52,0.65
1/31/1986,0.65,1.22,0.52,0.56
2/28/1986,7.13,-0.62,-0.85,0.53
3/31/1986,4.88,-0.52,-0.44,0.6
4/30/1986,-1.31,2.85,-2.86,0.52
5/31/1986,4.62,-1.32,-0.14,0.49
6/30/1986,1.03,-0.93,1.36,0.52
7/31/1986,-6.45,-3.39,4.76,0.52
8/31/1986,6.07,-4.2,3.5,0.46
9/30/1986,-8.6,2.26,3.16,0.45
10/31/1986,4.66,-2.48,-1.37,0.46
11/30/1986,1.17,-1.92,-0.13,0.39
12/31/1986,-3.27,0.09,0.27,0.49
1/31/1987,12.47,-1.83,-3.26,0.42
2/28/1987,4.39,3.49,-5.97,0.43
3/31/1987,1.64,0.39,1.62,0.47
4/30/1987,-2.11,-1.7,-0.34,0.44
5/31/1987,0.11,-0.53,0.22,0.38
6/30/1987,3.94,-2.18,1.01,0.48
7/31/1987,3.85,-0.67,0.67,0.46
8/31/1987,3.52,-0.72,-0.92,0.47
9/30/1987,-2.59,0.52,0.27,0.45
10/31/1987,-23.24,-8.41,4.2,0.6
11/30/1987,-7.77,2.78,3.13,0.35
12/31/1987,6.81,0.13,-4.45,0.39
1/31/1988,4.21,-0.78,4.99,0.29
2/29/1988,4.75,3.35,-1.62,0.46
3/31/1988,-2.27,6.15,0.72,0.44
4/30/1988,0.56,0.96,1.7,0.46
5/31/1988,-0.29,-2.64,2.33,0.51
6/30/1988,4.79,2.17,-1.09,0.49
7/31/1988,-1.25,-0.22,2.2,0.51
8/31/1988,-3.31,0.06,2.12,0.59
9/30/1988,3.3,-1.26,-0.68,0.62
10/31/1988,1.15,-2.9,1.7,0.61
11/30/1988,-2.29,-1.73,1.3,0.57
12/31/1988,1.49,1.94,-1.54,0.63
1/31/1989,6.1,-2.14,0.49,0.55
2/28/1989,-2.25,2.77,0.9,0.61
3/31/1989,1.57,0.74,0.47,0.67
4/30/1989,4.33,-0.58,-1.42,0.67
5/31/1989,3.35,-0.05,-0.9,0.79
6/30/1989,-1.35,-1,2.27,0.71
7/31/1989,7.2,-4.03,-2.79,0.7
8/31/1989,1.44,0.51,0.63,0.74
9/30/1989,-0.76,0.25,-1.25,0.65
10/31/1989,-3.67,-3.25,-1.07,0.68
11/30/1989,1.03,-1.27,-1.07,0.69
12/31/1989,1.16,-2.4,0.21,0.61
1/31/1990,-7.85,-1.26,0.78,0.57
2/28/1990,1.11,1.02,0.65,0.57
3/31/1990,1.83,1.55,-3.03,0.64
4/30/1990,-3.36,-0.5,-2.47,0.69
5/31/1990,8.42,-2.56,-3.89,0.68
6/30/1990,-1.09,1.42,-1.99,0.63
7/31/1990,-1.9,-3.2,-0.11,0.68
8/31/1990,-10.15,-3.57,1.63,0.66
9/30/1990,-6.12,-3.68,0.71,0.6
10/31/1990,-1.92,-5.55,0.19,0.68
11/30/1990,6.35,0.36,-3.21,0.57
12/31/1990,2.46,0.75,-1.72,0.6
1/31/1991,4.69,3.76,-1.74,0.52
2/28/1991,7.19,3.96,-0.55,0.48
3/31/1991,2.65,3.92,-1.32,0.44
4/30/1991,-0.28,0.49,1.48,0.53
5/31/1991,3.65,-0.35,-0.57,0.47
6/30/1991,-4.94,0.08,1.23,0.42
7/31/1991,4.24,-0.93,-1.25,0.49
8/31/1991,2.32,1.59,-0.83,0.46
9/30/1991,-1.59,1.64,-0.98,0.46
10/31/1991,1.29,0.88,-0.47,0.42
11/30/1991,-4.19,-0.48,-1.85,0.39
12/31/1991,10.84,-2.26,-4.11,0.38
1/31/1992,-0.59,8.49,4.61,0.34
2/29/1992,1.09,0.87,6.37,0.28
3/31/1992,-2.66,-1.04,3.61,0.34
4/30/1992,1.07,-6.12,4.27,0.32
5/31/1992,0.3,0.4,1.25,0.28
6/30/1992,-2.34,-3.1,3.36,0.32
7/31/1992,3.77,-0.42,-0.37,0.31
8/31/1992,-2.38,-0.13,-1.06,0.26
9/30/1992,1.19,0.58,-0.28,0.26
10/31/1992,1.02,2.03,-2.01,0.23
11/30/1992,4.13,3.69,-1.4,0.23
12/31/1992,1.53,1.63,2.63,0.28
1/31/1993,0.93,1.98,5.92,0.23
2/28/1993,0.12,-3.47,6.41,0.22
3/31/1993,2.3,0.23,1.31,0.25
4/30/1993,-3.05,-0.66,2.52,0.24
5/31/1993,2.89,1.98,-3.45,0.22
6/30/1993,0.31,-0.32,2.72,0.25
7/31/1993,-0.34,0.89,2.82,0.24
8/31/1993,3.71,0.15,0.13,0.25
9/30/1993,-0.12,3.02,-0.25,0.26
10/31/1993,1.41,2.04,-2.72,0.22
11/30/1993,-1.89,-1.22,-0.77,0.25
12/31/1993,1.65,1.22,0.36,0.23
1/31/1994,2.87,0.4,1.13,0.25
2/28/1994,-2.55,2.8,-1.59,0.21
3/31/1994,-4.78,-1.14,1.63,0.27
4/30/1994,0.68,-0.98,1.66,0.27
5/31/1994,0.58,-2.13,0.66,0.31
6/30/1994,-3.03,-0.42,1.72,0.31
7/31/1994,2.82,-1.8,0.56,0.28
8/31/1994,4.01,1.42,-2.47,0.37
9/30/1994,-2.31,3.12,-1.87,0.37
10/31/1994,1.34,-2.23,-1.66,0.38
11/30/1994,-4.04,0.26,-0.69,0.37
12/31/1994,0.86,0.3,-0.2,0.44
1/31/1995,1.8,-3.53,2.54,0.42
2/28/1995,3.63,-0.64,1.12,0.4
3/31/1995,2.19,-0.17,-2.15,0.46
4/30/1995,2.11,-0.53,1.71,0.44
5/31/1995,2.9,-2.55,2.23,0.54
6/30/1995,2.72,3.14,-2.5,0.47
7/31/1995,3.72,2.08,-1.63,0.45
8/31/1995,0.55,1.36,2.84,0.47
9/30/1995,3.35,-2.29,0.02,0.43
10/31/1995,-1.52,-3.82,-0.46,0.47
11/30/1995,3.96,-1.2,0.61,0.42
12/31/1995,1.03,0.64,0.33,0.49
1/31/1996,2.26,-2.63,0.22,0.43
2/29/1996,1.33,1.81,-1.16,0.39
3/31/1996,0.73,1.52,0.31,0.39
4/30/1996,2.06,5.24,-4.08,0.46
5/31/1996,2.36,3.08,-0.8,0.42
6/30/1996,-1.14,-3.91,2.26,0.4
7/31/1996,-5.97,-4.31,5.16,0.45
8/31/1996,2.77,2.44,-0.78,0.41
9/30/1996,5.01,-0.95,-2.76,0.44
10/31/1996,0.86,-4.45,4.92,0.42
11/30/1996,6.25,-4.07,1.46,0.41
12/31/1996,-1.7,3.08,1.33,0.46
1/31/1997,4.98,-1.93,-1.43,0.45
2/28/1997,-0.49,-3.29,5.7,0.39
3/31/1997,-5.02,-0.44,3.43,0.43
4/30/1997,4.04,-5.74,0.09,0.43
5/31/1997,6.74,5.16,-4.08,0.49
6/30/1997,4.1,1.19,1.62,0.37
7/31/1997,7.33,-2.7,0.2,0.43
8/31/1997,-4.15,7.33,1.12,0.41
9/30/1997,5.35,2.56,0.29,0.44
10/31/1997,-3.8,-0.8,2.33,0.42
11/30/1997,2.98,-5.11,1.24,0.39
12/31/1997,1.32,-2.66,4.03,0.48
1/31/1998,0.15,-1.02,-1.65,0.43
2/28/1998,7.04,0.26,-0.78,0.39
3/31/1998,4.76,-1.21,1.54,0.39
4/30/1998,0.73,0.03,0.89,0.43
5/31/1998,-3.07,-3.4,3.43,0.4
6/30/1998,3.18,-3.32,-1.8,0.41
7/31/1998,-2.46,-4.94,-1.71,0.4
8/31/1998,-16.08,-5.68,3.56,0.43
9/30/1998,6.15,0.06,-3.42,0.46
10/31/1998,7.13,-3.11,-2.21,0.32
11/30/1998,6.1,1.21,-3.16,0.31
12/31/1998,6.16,-0.54,-4.2,0.38
1/31/1999,3.5,0.81,-4.66,0.35
2/28/1999,-4.08,-6.08,1.91,0.35
3/31/1999,3.45,-3.76,-2.77,0.43
4/30/1999,4.33,3.98,2.34,0.37
5/31/1999,-2.46,3.33,2.36,0.34
6/30/1999,4.77,3.15,-3.4,0.4
7/31/1999,-3.49,2.55,-0.48,0.38
8/31/1999,-1.38,-1,-1.72,0.39
9/30/1999,-2.79,3.36,-3.42,0.39
10/31/1999,6.12,-6.75,-3.16,0.39
11/30/1999,3.37,7.17,-6.07,0.36
12/31/1999,7.72,7.07,-8.4,0.44
1/31/2000,-4.74,5.7,-1.75,0.41
2/29/2000,2.45,21.19,-8.94,0.43
3/31/2000,5.2,-16.82,7.66,0.47
4/30/2000,-6.4,-6.93,7.41,0.46
5/31/2000,-4.42,-6.33,5.01,0.5
6/30/2000,4.64,12.8,-8.22,0.4
7/31/2000,-2.51,-3.16,8.4,0.48
8/31/2000,7.03,-0.65,-1.47,0.5
9/30/2000,-5.45,-1.89,7.28,0.51
10/31/2000,-2.76,-3.87,5.71,0.56
11/30/2000,-10.72,-3.5,12.53,0.51
12/31/2000,1.19,0.73,7.67,0.5
1/31/2001,3.13,6.76,-5.33,0.54
2/28/2001,-10.05,-0.82,12.58,0.38
3/31/2001,-7.26,0.17,6.52,0.42
4/30/2001,7.94,0.61,-4.8,0.39
5/31/2001,0.72,2.53,3.34,0.32
6/30/2001,-1.94,6.25,-1.16,0.28
7/31/2001,-2.13,-4.23,5.35,0.3
8/31/2001,-6.46,2.48,2.33,0.31
9/30/2001,-9.25,-6.25,1.57,0.28
10/31/2001,2.46,7.57,-7.66,0.22
11/30/2001,7.54,-0.48,2.16,0.17
12/31/2001,1.6,4.79,0.9,0.15
1/31/2002,-1.44,1.18,3.38,0.14
2/28/2002,-2.29,-1.07,2.21,0.13
3/31/2002,4.24,4.14,1.08,0.13
4/30/2002,-5.2,5.84,3.96,0.15
5/31/2002,-1.38,-3.26,1.57,0.14
6/30/2002,-7.21,4.2,0.04,0.13
7/31/2002,-8.18,-5.22,-3.71,0.15
8/31/2002,0.5,-2.94,3.23,0.14
9/30/2002,-10.35,2.39,1.49,0.14
10/31/2002,7.84,-3.44,-4.07,0.14
11/30/2002,5.96,3.23,-1.51,0.12
12/31/2002,-5.76,-0.01,2.28,0.11
1/31/2003,-2.57,1.28,-0.86,0.1
2/28/2003,-1.88,-0.46,-1.33,0.09
3/31/2003,1.09,0.93,-2.15,0.1
4/30/2003,8.22,0.64,0.89,0.1
5/31/2003,6.05,4.49,0.11,0.09
6/30/2003,1.42,1.75,0.39,0.1
7/31/2003,2.35,5.23,-1.08,0.07
8/31/2003,2.34,2.7,1.61,0.07
9/30/2003,-1.24,0.71,0.05,0.08
10/31/2003,6.08,2.64,1.92,0.07
11/30/2003,1.35,1.99,1.8,0.07
12/31/2003,4.29,-2.76,1.58,0.08
1/31/2004,2.15,2.53,2.45,0.07
2/29/2004,1.4,-1.56,0.86,0.06
3/31/2004,-1.32,1.75,0.24,0.09
4/30/2004,-1.83,-1.73,-3.07,0.08
5/31/2004,1.17,-0.24,-0.29,0.06
6/30/2004,1.86,2.28,1.23,0.08
7/31/2004,-4.06,-3.85,3.28,0.1
8/31/2004,0.08,-1.56,0.96,0.11
9/30/2004,1.6,3.01,-0.07,0.11
10/31/2004,1.43,0.13,-0.29,0.11
11/30/2004,4.54,3.72,1.43,0.15
12/31/2004,3.43,-0.07,-0.18,0.16
1/31/2005,-2.76,-1.72,2.01,0.16
2/28/2005,1.89,-0.55,1.63,0.16
3/31/2005,-1.97,-1.35,2.14,0.21
4/30/2005,-2.61,-3.97,0.05,0.21
5/31/2005,3.65,2.8,-0.66,0.24
6/30/2005,0.57,2.55,2.82,0.23
7/31/2005,3.92,2.87,-0.83,0.24
8/31/2005,-1.22,-0.98,1.38,0.3
9/30/2005,0.49,-0.66,0.74,0.29
10/31/2005,-2.02,-1.19,0.45,0.27
11/30/2005,3.61,0.97,-1.16,0.31
12/31/2005,-0.25,-0.46,0.24,0.32
1/31/2006,3.04,5.4,0.99,0.35
2/28/2006,-0.3,-0.37,-0.26,0.34
3/31/2006,1.46,3.49,0.68,0.37
4/30/2006,0.73,-1.41,2.37,0.36
5/31/2006,-3.57,-3.09,2.45,0.43
6/30/2006,-0.35,-0.36,0.92,0.4
7/31/2006,-0.78,-3.99,2.67,0.4
8/31/2006,2.03,1.02,-1.98,0.42
9/30/2006,1.84,-1.29,-0.04,0.41
10/31/2006,3.23,1.72,-0.3,0.41
11/30/2006,1.71,0.78,0.07,0.42
12/31/2006,0.87,-1.14,2.72,0.4
1/31/2007,1.4,0.16,-0.69,0.44
2/28/2007,-1.96,1.29,-0.17,0.38
3/31/2007,0.68,0.08,-0.83,0.43
4/30/2007,3.49,-2.18,-1.38,0.44
5/31/2007,3.24,0.27,-0.63,0.41
6/30/2007,-1.96,0.78,-1.1,0.4
7/31/2007,-3.73,-2.45,-3.55,0.4
8/31/2007,0.92,-0.17,-1.91,0.42
9/30/2007,3.22,-2.22,-2.21,0.32
10/31/2007,1.8,0.25,-2.91,0.32
11/30/2007,-4.83,-2.8,-1,0.34
12/31/2007,-0.87,0.14,-0.59,0.27
1/31/2008,-6.36,-0.89,3.67,0.21
2/29/2008,-3.09,-0.27,-0.88,0.13
3/31/2008,-0.93,0.79,0.14,0.17
4/30/2008,4.6,-1.59,-0.96,0.18
5/31/2008,1.86,3.05,-1.45,0.18
6/30/2008,-8.44,1.22,-2.77,0.17
7/31/2008,-0.77,2.47,5.27,0.15
8/31/2008,1.53,3.54,1.45,0.13
9/30/2008,-9.24,-1.18,6.07,0.15
10/31/2008,-17.23,-2.52,-2.37,0.08
11/30/2008,-7.86,-2.82,-6.31,0.03
12/31/2008,1.74,3.51,0.14,0
1/31/2009,-8.12,0.33,-11.12,0
2/28/2009,-10.1,0.23,-7.03,0.01
3/31/2009,8.95,0,3.4,0.02
4/30/2009,10.18,5.14,5.21,0.01
5/31/2009,5.21,-2.63,0.49,0
6/30/2009,0.43,2.63,-2.62,0.01
7/31/2009,7.72,1.9,4.87,0.01
8/31/2009,3.33,-1.1,7.5,0.01
9/30/2009,4.08,2.41,0.89,0.01
10/31/2009,-2.59,-4.18,-4.03,0
11/30/2009,5.56,-2.48,-0.25,0
12/31/2009,2.75,6.13,-0.11,0.01
1/31/2010,-3.36,0.37,0.33,0
2/28/2010,3.4,1.19,3.19,0
3/31/2010,6.31,1.44,2.11,0.01
4/30/2010,2,4.86,2.91,0.01
5/31/2010,-7.89,0.14,-2.39,0.01
6/30/2010,-5.57,-1.84,-4.52,0.01
7/31/2010,6.93,0.18,-0.36,0.01
8/31/2010,-4.77,-3.02,-1.9,0.01
9/30/2010,9.54,3.93,-3.23,0.01
10/31/2010,3.88,1.07,-2.46,0.01
11/30/2010,0.6,3.78,-0.95,0.01
12/31/2010,6.82,0.68,3.64,0.01
1/31/2011,1.99,-2.52,0.82,0.01
2/28/2011,3.49,1.53,1.29,0.01
3/31/2011,0.46,2.58,-1.76,0.01
4/30/2011,2.9,-0.37,-2.43,0
5/31/2011,-1.27,-0.58,-2.05,0
6/30/2011,-1.75,-0.11,-0.42,0
7/31/2011,-2.35,-1.37,-0.88,0
8/31/2011,-5.99,-3.03,-2.56,0.01
9/30/2011,-7.59,-3.35,-1.71,0
10/31/2011,11.35,3.32,0.13,0
11/30/2011,-0.28,-0.14,-0.48,0
12/31/2011,0.74,-0.66,1.68,0
1/31/2012,5.05,2.1,-0.9,0
2/29/2012,4.42,-1.84,0.46,0
3/31/2012,3.11,-0.68,1.21,0
4/30/2012,-0.85,-0.39,-0.77,0
5/31/2012,-6.19,0.16,-1.04,0.01
6/30/2012,3.89,0.78,0.58,0
7/31/2012,0.79,-2.62,-0.05,0
8/31/2012,2.55,0.47,1.12,0.01
9/30/2012,2.73,0.49,1.56,0.01
10/31/2012,-1.76,-1.09,3.61,0.01
11/30/2012,0.78,0.53,-0.83,0.01
12/31/2012,1.18,1.45,3.53,0.01
1/31/2013,5.57,0.36,0.98,0
2/28/2013,1.29,-0.42,0.13,0
3/31/2013,4.03,0.75,-0.23,0
4/30/2013,1.55,-2.4,0.53,0
5/31/2013,2.8,1.66,2.61,0
6/30/2013,-1.2,1.16,-0.09,0
7/31/2013,5.65,1.86,0.56,0
8/31/2013,-2.71,0.29,-2.66,0
9/30/2013,3.77,2.89,-1.15,0
10/31/2013,4.18,-1.53,1.21,0
11/30/2013,3.13,1.19,0.29,0
12/31/2013,2.81,-0.59,-0.05,0
1/31/2014,-3.32,0.87,-2.02,0
2/28/2014,4.65,0.31,-0.36,0
3/31/2014,0.43,-1.85,4.9,0
4/30/2014,-0.19,-4.21,1.12,0
5/31/2014,2.06,-1.9,-0.12,0
6/30/2014,2.61,3.08,-0.67,0
7/31/2014,-2.04,-4.27,0.02,0
8/31/2014,4.24,0.36,-0.42,0
9/30/2014,-1.97,-3.73,-1.38,0
10/31/2014,2.52,4.28,-1.8,0
11/30/2014,2.55,-2.04,-3.07,0
12/31/2014,-0.06,2.48,2.23,0
1/31/2015,-3.11,-0.51,-3.56,0
2/28/2015,6.14,0.52,-1.81,0
3/31/2015,-1.12,3.02,-0.41,0
4/30/2015,0.59,-3.04,1.88,0
5/31/2015,1.36,0.89,-1.1,0
6/30/2015,-1.53,2.85,-0.74,0
7/31/2015,1.54,-4.09,-4.21,0
8/31/2015,-6.04,0.44,2.73,0
9/30/2015,-3.07,-2.61,0.39,0
10/31/2015,7.75,-1.98,-0.25,0
11/30/2015,0.56,3.68,-0.49,0
12/31/2015,-2.17,-2.86,-2.45,0.01
1/31/2016,-5.77,-3.36,2.01,0.01
2/29/2016,-0.08,0.83,-0.59,0.02
3/31/2016,6.96,0.82,1.11,0.02
4/30/2016,0.92,0.69,3.28,0.01
5/31/2016,1.78,-0.27,-1.6,0.01
6/30/2016,-0.05,0.64,-1.4,0.02
7/31/2016,3.95,2.6,-1.23,0.02
8/31/2016,0.5,1.13,3.31,0.02
9/30/2016,0.25,2.04,-1.21,0.02
10/31/2016,-2.02,-4.43,4.07,0.02
11/30/2016,4.86,5.47,8.22,0.01
12/31/2016,1.82,0.11,3.51,0.03
1/31/2017,1.94,-1.06,-2.81,0.04
2/28/2017,3.57,-2.01,-1.79,0.04
3/31/2017,0.17,1.17,-3.33,0.03
4/30/2017,1.09,0.72,-2.11,0.05
5/31/2017,1.06,-2.61,-3.67,0.06
6/30/2017,0.78,2.15,1.45,0.06
7/31/2017,1.87,-1.47,-0.36,0.07
8/31/2017,0.16,-1.62,-2.19,0.09
9/30/2017,2.51,4.47,3.14,0.09
10/31/2017,2.25,-1.95,0.12,0.09
11/30/2017,3.12,-0.58,-0.09,0.08
12/31/2017,1.06,-1.29,0.17,0.09
1/31/2018,5.58,-3.09,-1.32,0.11
2/28/2018,-3.65,0.3,-1.01,0.11
3/31/2018,-2.35,4.05,-0.12,0.12
4/30/2018,0.29,1.13,0.5,0.14
5/31/2018,2.65,5.28,-3.15,0.14
6/30/2018,0.48,1.19,-2.31,0.14
7/31/2018,3.19,-2.21,0.57,0.16
8/31/2018,3.44,1.15,-3.92,0.16
9/30/2018,0.06,-2.28,-1.63,0.15
10/31/2018,-7.68,-4.78,3.46,0.19
11/30/2018,1.69,-0.71,0.34,0.18
12/31/2018,-9.55,-2.48,-1.89,0.19
1/31/2019,8.41,2.89,-0.46,0.21
2/28/2019,3.4,2.12,-2.71,0.18
3/31/2019,1.1,-3.05,-4.19,0.19
4/30/2019,3.96,-1.75,2.02,0.21
5/31/2019,-6.94,-1.18,-2.28,0.21
6/30/2019,6.93,0.22,-0.79,0.18
7/31/2019,1.19,-2.08,0.34,0.19
8/31/2019,-2.58,-2.4,-4.85,0.16
9/30/2019,1.43,-1.05,6.77,0.18
10/31/2019,2.06,0.24,-1.88,0.15
11/30/2019,3.87,0.91,-2.05,0.12
12/31/2019,2.77,0.67,1.91,0.14
1/31/2020,-0.11,-3.08,-6.27,0.13
2/29/2020,-8.13,1.02,-3.92,0.12
3/31/2020,-13.38,-5.03,-13.96,0.12
4/30/2020,13.65,2.75,-1.39,0
5/31/2020,5.58,2.49,-5.05,0.01
6/30/2020,2.46,2.71,-2.35,0.01
7/31/2020,5.77,-2.18,-1.39,0.01
8/31/2020,7.63,-0.25,-2.94,0.01
9/30/2020,-3.63,0.06,-2.51,0.01
10/31/2020,-2.1,4.44,4.03,0.01
11/30/2020,12.47,5.48,2.11,0.01
12/31/2020,4.63,4.81,-1.36,0.01
1/31/2021,-0.03,7.19,2.85,0
2/28/2021,2.78,2.11,7.08,0
3/31/2021,3.08,-2.48,7.4,0
4/30/2021,4.93,-3.09,-0.74,0
5/31/2021,0.29,-0.22,7.05,0
,,,,
 Annual Factors: January-December ,,,,
,Mkt-RF,SMB,HML,RF
1927,29.47,-2.46,-3.75,3.12
1928,35.39,4.41,-5.83,3.56
1929,-19.54,-30.78,11.96,4.75
1930,-31.23,-5.19,-12.29,2.41
1931,-45.11,3.51,-14.32,1.07
1932,-9.39,4.91,10.49,0.96
1933,57.05,48.86,28.15,0.3
1934,3.02,25.43,-27.38,0.16
1935,44.96,9.99,9.78,0.17
1936,32.07,17.89,35.86,0.18
1937,-34.96,-14,-3.97,0.31
1938,28.48,9.35,-12.18,-0.02
1939,2.7,5.85,-19.17,0.02
1940,-7.14,0.79,-0.82,0
1941,-10.53,-4.04,11.13,0.06
1942,16.2,5.05,19.87,0.27
1943,27.96,33.35,38.97,0.35
1944,20.97,17.98,15.61,0.33
1945,38.38,25.56,11.4,0.33
1946,-6.73,-3.79,2.98,0.35
1947,2.95,-7.08,9.76,0.5
1948,1.07,-9.14,3.52,0.81
1949,19.12,3.93,-4.55,1.1
1950,28.82,0.93,27.01,1.2
1951,19.22,-4.93,-5.95,1.49
1952,11.8,-6.71,3.44,1.66
1953,-1.05,-1.17,-7.72,1.82
1954,49.35,-2.18,26.2,0.86
1955,23.75,-6.04,4.79,1.57
1956,5.9,-0.91,-2.03,2.46
1957,-13.16,-2.84,-6.15,3.14
1958,43.45,14.71,13.5,1.54
1959,9.76,5.61,1.47,2.95
1960,-1.46,-2.84,-4.4,2.66
1961,24.81,1.35,5.51,2.13
1962,-12.9,-8.32,8.92,2.73
1963,17.84,-6.02,15.75,3.12
1964,12.54,-1.11,10,3.54
1965,10.52,21.87,7.23,3.93
1966,-13.51,2.7,-0.84,4.76
1967,24.49,50.31,-7.6,4.21
1968,8.79,24.42,18.37,5.21
1969,-17.54,-13.97,-10.09,6.58
1970,-6.49,-11.81,21.49,6.52
1971,11.78,5.59,-11.19,4.39
1972,13.05,-11.9,1.49,3.84
1973,-26.19,-23.39,17.92,6.93
1974,-35.75,-0.74,9.71,8
1975,32.44,15.29,9.39,5.8
1976,21.91,14.69,24.45,5.08
1977,-8.26,22.93,7.44,5.12
1978,1.03,14.4,0.31,7.18
1979,13.09,21.17,-2.36,10.38
1980,22.13,5.51,-25.03,11.24
1981,-18.13,7.22,25.02,14.71
1982,10.66,8.85,13.37,10.54
1983,13.74,13.62,20.76,8.8
1984,-6.05,-8.38,19.6,9.85
1985,24.91,0.17,1.39,7.72
1986,10.12,-9.67,9.26,6.16
1987,-3.87,-11,-1.72,5.47
1988,11.55,5.88,14.81,6.35
1989,20.49,-12.7,-4.22,8.37
1990,-13.95,-14.17,-10.2,7.81
1991,29.18,16.1,-14.39,5.6
1992,6.23,7.54,24.58,3.51
1993,8.21,6.37,17.14,2.9
1994,-4.1,-0.45,-0.94,3.9
1995,31.22,-10.24,6.42,5.6
1996,15.96,-4.41,8.24,5.21
1997,25.96,-8.12,19.36,5.26
1998,19.46,-25.62,-9.88,4.86
1999,20.57,15.18,-31.63,4.68
2000,-17.6,-5.17,46.07,5.89
2001,-15.2,18.26,18.67,3.83
2002,-22.76,3.95,8.2,1.65
2003,30.75,25.99,4.06,1.02
2004,10.72,4.18,7.47,1.2
2005,3.09,-2.49,9.63,2.98
2006,10.6,0.17,12.12,4.8
2007,1.04,-6.93,-17.02,4.66
2008,-38.34,2.8,0.57,1.6
2009,28.26,9.56,-9.21,0.1
2010,17.37,13.9,-5.33,0.12
2011,0.44,-5.79,-8.4,0.04
2012,16.27,-1.02,9.97,0.06
2013,35.2,6.85,2.53,0.02
2014,11.71,-7.94,-1.52,0.02
2015,0.08,-3.96,-9.5,0.02
2016,13.3,6.53,22.86,0.2
2017,21.51,-4.96,-13.84,0.8
2018,-6.93,-3.15,-9.34,1.81
2019,28.28,-6.26,-10.68,2.14
2020,23.67,13.07,-47.2,0.44
,,,,
Copyright 2021 Kenneth R. French,,,,
